{
  "produce_accuracy": 96.96,
  "produce_f1": 97.12,
  "winner": "ResNet50",
  "results": [
    {
      "name": "MobileNetV2",
      "acc": 0.9202391118701964,
      "f1": 0.920860871038807,
      "composite": 0.9204878155376406
    },
    {
      "name": "EfficientNetB0",
      "acc": 0.8527754056362084,
      "f1": 0.8437839797027908,
      "composite": 0.8491788352628413
    },
    {
      "name": "ResNet50",
      "acc": 0.969598633646456,
      "f1": 0.9712346477052359,
      "composite": 0.970253039269968
    }
  ],
  "tf_version": "2.20.0"
}